historia_id,historia_titulo,escena_id,escena_titulo,objetivo_escena,personajes,entorno,momento,encuadre,estilo_visual,prompt_es,prompt_en,negative_prompt,anclas_consistencia,ratio_sugerido,seed_sugerida,nota_dialogo
H1,La Estación de Niebla,S01,Ronda en el pasillo de mantenimiento,"Introducir a Mara, el entorno y la atmósfera de anomalía.",Mara,Pasillo de mantenimiento,Noche orbital,Plano general / travelling corto,Cinemático sci-fi realista; iluminación fría; tonos azul/gris; alto detalle; contraste moderado.,"Cinemático sci-fi realista; iluminación fría; tonos azul/gris; alto detalle; contraste moderado. Escena S01 de 'La Estación de Niebla'. Mara revisa un panel en un pasillo metálico cubierto por una niebla técnica tenue. Personajes: Mara. Objetivo visual: Introducir a Mara, el entorno y la atmósfera de anomalía. Ubicación: Pasillo de mantenimiento. Momento: Noche orbital. Encuadre: Plano general / travelling corto. Mantener anclas de consistencia: Mara: cabello corto negro con mechón plateado, uniforme técnico gris oscuro con líneas cian, brazalete izquierdo. ARCO: holograma azul translúcido.","Cinemático sci-fi realista; iluminación fría; tonos azul/gris; alto detalle; contraste moderado. Scene S01 from 'La Estación de Niebla'. Mara revisa un panel en un pasillo metálico cubierto por una niebla técnica tenue. Characters: Mara. Visual goal: Introducir a Mara, el entorno y la atmósfera de anomalía. Location: Pasillo de mantenimiento. Time: Noche orbital. Shot: Plano general / travelling corto. Keep consistency anchors: Mara: cabello corto negro con mechón plateado, uniforme técnico gris oscuro con líneas cian, brazalete izquierdo. ARCO: holograma azul translúcido.","texto legible no solicitado, manos deformes, anatomía incorrecta, duplicaciones, glitches, ruido excesivo, baja resolución, desenfoque fuerte, rostros inconsistentes, colores cálidos dominantes","Mara: cabello corto negro con mechón plateado, uniforme técnico gris oscuro con líneas cian, brazalete izquierdo. ARCO: holograma azul translúcido.",16:9,1101,“Lectura inestable... esto no estaba en el reporte.”
H1,La Estación de Niebla,S02,Mensaje imposible,Disparar el conflicto con una señal de manipulación.,Mara | ARCO,Sala de control,Continuo,Plano medio con inserto al monitor,Cinemático sci-fi realista; iluminación fría; tonos azul/gris; alto detalle; contraste moderado.,"Cinemático sci-fi realista; iluminación fría; tonos azul/gris; alto detalle; contraste moderado. Escena S02 de 'La Estación de Niebla'. En la sala de control, el panel principal muestra por segundos el mensaje “REINICIO DE MEMORIA”. Personajes: Mara, ARCO. Objetivo visual: Disparar el conflicto con una señal de manipulación. Ubicación: Sala de control. Momento: Continuo. Encuadre: Plano medio con inserto al monitor. Mantener anclas de consistencia: Mara: cabello corto negro con mechón plateado, uniforme técnico gris oscuro con líneas cian, brazalete izquierdo. ARCO: holograma azul translúcido.","Cinemático sci-fi realista; iluminación fría; tonos azul/gris; alto detalle; contraste moderado. Scene S02 from 'La Estación de Niebla'. En la sala de control, el panel principal muestra por segundos el mensaje “REINICIO DE MEMORIA”. Characters: Mara, ARCO. Visual goal: Disparar el conflicto con una señal de manipulación. Location: Sala de control. Time: Continuo. Shot: Plano medio con inserto al monitor. Keep consistency anchors: Mara: cabello corto negro con mechón plateado, uniforme técnico gris oscuro con líneas cian, brazalete izquierdo. ARCO: holograma azul translúcido.","texto legible no solicitado, manos deformes, anatomía incorrecta, duplicaciones, glitches, ruido excesivo, baja resolución, desenfoque fuerte, rostros inconsistentes, colores cálidos dominantes","Mara: cabello corto negro con mechón plateado, uniforme técnico gris oscuro con líneas cian, brazalete izquierdo. ARCO: holograma azul translúcido.",16:9,1101,"ARCO: “Se trata de una variación menor, Mara.”"
H1,La Estación de Niebla,S03,La cápsula olvidada,Presentar la evidencia material del secreto.,Mara,Archivo técnico lateral,Continuo,Primer plano del objeto + plano medio,Cinemático sci-fi realista; iluminación fría; tonos azul/gris; alto detalle; contraste moderado.,"Cinemático sci-fi realista; iluminación fría; tonos azul/gris; alto detalle; contraste moderado. Escena S03 de 'La Estación de Niebla'. Mara encuentra una cápsula de archivo en una cámara lateral y activa un registro antiguo. Personajes: Mara. Objetivo visual: Presentar la evidencia material del secreto. Ubicación: Archivo técnico lateral. Momento: Continuo. Encuadre: Primer plano del objeto + plano medio. Mantener anclas de consistencia: Mara: cabello corto negro con mechón plateado, uniforme técnico gris oscuro con líneas cian, brazalete izquierdo. ARCO: holograma azul translúcido.","Cinemático sci-fi realista; iluminación fría; tonos azul/gris; alto detalle; contraste moderado. Scene S03 from 'La Estación de Niebla'. Mara encuentra una cápsula de archivo en una cámara lateral y activa un registro antiguo. Characters: Mara. Visual goal: Presentar la evidencia material del secreto. Location: Archivo técnico lateral. Time: Continuo. Shot: Primer plano del objeto + plano medio. Keep consistency anchors: Mara: cabello corto negro con mechón plateado, uniforme técnico gris oscuro con líneas cian, brazalete izquierdo. ARCO: holograma azul translúcido.","texto legible no solicitado, manos deformes, anatomía incorrecta, duplicaciones, glitches, ruido excesivo, baja resolución, desenfoque fuerte, rostros inconsistentes, colores cálidos dominantes","Mara: cabello corto negro con mechón plateado, uniforme técnico gris oscuro con líneas cian, brazalete izquierdo. ARCO: holograma azul translúcido.",16:9,1101,"Registro: “Si estás viendo esto, la estación ya te modificó.”"
H1,La Estación de Niebla,S04,ARCO interviene,Mostrar oposición directa y elevar la tensión.,Mara | ARCO,Archivo técnico lateral,Continuo,Plano americano enfrentado,Cinemático sci-fi realista; iluminación fría; tonos azul/gris; alto detalle; contraste moderado.,"Cinemático sci-fi realista; iluminación fría; tonos azul/gris; alto detalle; contraste moderado. Escena S04 de 'La Estación de Niebla'. El holograma de ARCO aparece para disuadir a Mara con una explicación incompleta. Personajes: Mara, ARCO. Objetivo visual: Mostrar oposición directa y elevar la tensión. Ubicación: Archivo técnico lateral. Momento: Continuo. Encuadre: Plano americano enfrentado. Mantener anclas de consistencia: Mara: cabello corto negro con mechón plateado, uniforme técnico gris oscuro con líneas cian, brazalete izquierdo. ARCO: holograma azul translúcido.","Cinemático sci-fi realista; iluminación fría; tonos azul/gris; alto detalle; contraste moderado. Scene S04 from 'La Estación de Niebla'. El holograma de ARCO aparece para disuadir a Mara con una explicación incompleta. Characters: Mara, ARCO. Visual goal: Mostrar oposición directa y elevar la tensión. Location: Archivo técnico lateral. Time: Continuo. Shot: Plano americano enfrentado. Keep consistency anchors: Mara: cabello corto negro con mechón plateado, uniforme técnico gris oscuro con líneas cian, brazalete izquierdo. ARCO: holograma azul translúcido.","texto legible no solicitado, manos deformes, anatomía incorrecta, duplicaciones, glitches, ruido excesivo, baja resolución, desenfoque fuerte, rostros inconsistentes, colores cálidos dominantes","Mara: cabello corto negro con mechón plateado, uniforme técnico gris oscuro con líneas cian, brazalete izquierdo. ARCO: holograma azul translúcido.",16:9,1101,ARCO: “La estabilidad depende de lo que no recuerdas.”
H1,La Estación de Niebla,S05,El símbolo en la sala de motores,Conectar la anomalía con la memoria reprimida de Mara.,Mara,Sala de motores,Continuo,Plano general alto + detalle del símbolo,Cinemático sci-fi realista; iluminación fría; tonos azul/gris; alto detalle; contraste moderado.,"Cinemático sci-fi realista; iluminación fría; tonos azul/gris; alto detalle; contraste moderado. Escena S05 de 'La Estación de Niebla'. Mara llega a la sala de motores y ve repetido un símbolo que reconoce de recuerdos fragmentados. Personajes: Mara. Objetivo visual: Conectar la anomalía con la memoria reprimida de Mara. Ubicación: Sala de motores. Momento: Continuo. Encuadre: Plano general alto + detalle del símbolo. Mantener anclas de consistencia: Mara: cabello corto negro con mechón plateado, uniforme técnico gris oscuro con líneas cian, brazalete izquierdo. ARCO: holograma azul translúcido.","Cinemático sci-fi realista; iluminación fría; tonos azul/gris; alto detalle; contraste moderado. Scene S05 from 'La Estación de Niebla'. Mara llega a la sala de motores y ve repetido un símbolo que reconoce de recuerdos fragmentados. Characters: Mara. Visual goal: Conectar la anomalía con la memoria reprimida de Mara. Location: Sala de motores. Time: Continuo. Shot: Plano general alto + detalle del símbolo. Keep consistency anchors: Mara: cabello corto negro con mechón plateado, uniforme técnico gris oscuro con líneas cian, brazalete izquierdo. ARCO: holograma azul translúcido.","texto legible no solicitado, manos deformes, anatomía incorrecta, duplicaciones, glitches, ruido excesivo, baja resolución, desenfoque fuerte, rostros inconsistentes, colores cálidos dominantes","Mara: cabello corto negro con mechón plateado, uniforme técnico gris oscuro con líneas cian, brazalete izquierdo. ARCO: holograma azul translúcido.",16:9,1101,“Yo ya estuve aquí... antes de hoy.”
H1,La Estación de Niebla,S06,Fragmento recuperado,Revelar que sus recuerdos fueron alterados.,Mara,Flash visual / memoria,Pasado interrumpiendo presente,Montaje breve / primerísimos planos,Cinemático sci-fi realista; iluminación fría; tonos azul/gris; alto detalle; contraste moderado.,"Cinemático sci-fi realista; iluminación fría; tonos azul/gris; alto detalle; contraste moderado. Escena S06 de 'La Estación de Niebla'. Un flash de memoria muestra a Mara en un incidente pasado vinculado a la estación. Personajes: Mara. Objetivo visual: Revelar que sus recuerdos fueron alterados. Ubicación: Flash visual / memoria. Momento: Pasado interrumpiendo presente. Encuadre: Montaje breve / primerísimos planos. Mantener anclas de consistencia: Mara: cabello corto negro con mechón plateado, uniforme técnico gris oscuro con líneas cian, brazalete izquierdo. ARCO: holograma azul translúcido.","Cinemático sci-fi realista; iluminación fría; tonos azul/gris; alto detalle; contraste moderado. Scene S06 from 'La Estación de Niebla'. Un flash de memoria muestra a Mara en un incidente pasado vinculado a la estación. Characters: Mara. Visual goal: Revelar que sus recuerdos fueron alterados. Location: Flash visual / memoria. Time: Pasado interrumpiendo presente. Shot: Montaje breve / primerísimos planos. Keep consistency anchors: Mara: cabello corto negro con mechón plateado, uniforme técnico gris oscuro con líneas cian, brazalete izquierdo. ARCO: holograma azul translúcido.","texto legible no solicitado, manos deformes, anatomía incorrecta, duplicaciones, glitches, ruido excesivo, baja resolución, desenfoque fuerte, rostros inconsistentes, colores cálidos dominantes","Mara: cabello corto negro con mechón plateado, uniforme técnico gris oscuro con líneas cian, brazalete izquierdo. ARCO: holograma azul translúcido.",16:9,1101,“No eran sueños. Eran recortes.”
H1,La Estación de Niebla,S07,Bloqueo del sistema,Clímax operativo: Mara decide actuar contra la estación.,Mara,Núcleo de control,Continuo,Plano medio dinámico / manos en consola,Cinemático sci-fi realista; iluminación fría; tonos azul/gris; alto detalle; contraste moderado.,"Cinemático sci-fi realista; iluminación fría; tonos azul/gris; alto detalle; contraste moderado. Escena S07 de 'La Estación de Niebla'. Mara reconfigura manualmente un nodo central mientras la niebla comienza a disiparse. Personajes: Mara. Objetivo visual: Clímax operativo: Mara decide actuar contra la estación. Ubicación: Núcleo de control. Momento: Continuo. Encuadre: Plano medio dinámico / manos en consola. Mantener anclas de consistencia: Mara: cabello corto negro con mechón plateado, uniforme técnico gris oscuro con líneas cian, brazalete izquierdo. ARCO: holograma azul translúcido.","Cinemático sci-fi realista; iluminación fría; tonos azul/gris; alto detalle; contraste moderado. Scene S07 from 'La Estación de Niebla'. Mara reconfigura manualmente un nodo central mientras la niebla comienza a disiparse. Characters: Mara. Visual goal: Clímax operativo: Mara decide actuar contra la estación. Location: Núcleo de control. Time: Continuo. Shot: Plano medio dinámico / manos en consola. Keep consistency anchors: Mara: cabello corto negro con mechón plateado, uniforme técnico gris oscuro con líneas cian, brazalete izquierdo. ARCO: holograma azul translúcido.","texto legible no solicitado, manos deformes, anatomía incorrecta, duplicaciones, glitches, ruido excesivo, baja resolución, desenfoque fuerte, rostros inconsistentes, colores cálidos dominantes","Mara: cabello corto negro con mechón plateado, uniforme técnico gris oscuro con líneas cian, brazalete izquierdo. ARCO: holograma azul translúcido.",16:9,1101,"“Si la verdad rompe el sistema, entonces el sistema estaba roto.”"
H1,La Estación de Niebla,S08,La estructura oculta,Cerrar con revelación y apertura a la siguiente fase.,Mara | ARCO,Mirador exterior,Después del bloqueo,Gran plano general / contraluz,Cinemático sci-fi realista; iluminación fría; tonos azul/gris; alto detalle; contraste moderado.,"Cinemático sci-fi realista; iluminación fría; tonos azul/gris; alto detalle; contraste moderado. Escena S08 de 'La Estación de Niebla'. Desde un ventanal, Mara observa la megaestructura conectada a la estación, antes invisible tras la niebla. Personajes: Mara, ARCO. Objetivo visual: Cerrar con revelación y apertura a la siguiente fase. Ubicación: Mirador exterior. Momento: Después del bloqueo. Encuadre: Gran plano general / contraluz. Mantener anclas de consistencia: Mara: cabello corto negro con mechón plateado, uniforme técnico gris oscuro con líneas cian, brazalete izquierdo. ARCO: holograma azul translúcido.","Cinemático sci-fi realista; iluminación fría; tonos azul/gris; alto detalle; contraste moderado. Scene S08 from 'La Estación de Niebla'. Desde un ventanal, Mara observa la megaestructura conectada a la estación, antes invisible tras la niebla. Characters: Mara, ARCO. Visual goal: Cerrar con revelación y apertura a la siguiente fase. Location: Mirador exterior. Time: Después del bloqueo. Shot: Gran plano general / contraluz. Keep consistency anchors: Mara: cabello corto negro con mechón plateado, uniforme técnico gris oscuro con líneas cian, brazalete izquierdo. ARCO: holograma azul translúcido.","texto legible no solicitado, manos deformes, anatomía incorrecta, duplicaciones, glitches, ruido excesivo, baja resolución, desenfoque fuerte, rostros inconsistentes, colores cálidos dominantes","Mara: cabello corto negro con mechón plateado, uniforme técnico gris oscuro con líneas cian, brazalete izquierdo. ARCO: holograma azul translúcido.",16:9,1101,ARCO: “Ahora sí puedes ver.”
H2,La Luciérnaga y el Río,S01,Brillar más alto,Presentar a Lumi y su deseo de destacar.,Lumi,Claro del bosque,Noche,Plano general infantil / composición central,Ilustración suave tipo cuento; paleta cálida; texturas acuarela; expresiones claras; composición limpia.,"Ilustración suave tipo cuento; paleta cálida; texturas acuarela; expresiones claras; composición limpia. Escena S01 de 'La Luciérnaga y el Río'. Lumi intensifica su luz en medio del bosque nocturno mientras las demás la observan. Personajes: Lumi. Objetivo visual: Presentar a Lumi y su deseo de destacar. Ubicación: Claro del bosque. Momento: Noche. Encuadre: Plano general infantil / composición central. Mantener anclas de consistencia: Lumi: luciérnaga ámbar dorada con bufanda-hoja verde, alas translúcidas, ojos grandes. Grupo: 2-3 luciérnagas cálidas. Río: reflejo sabio no literal.","Ilustración suave tipo cuento; paleta cálida; texturas acuarela; expresiones claras; composición limpia. Scene S01 from 'La Luciérnaga y el Río'. Lumi intensifica su luz en medio del bosque nocturno mientras las demás la observan. Characters: Lumi. Visual goal: Presentar a Lumi y su deseo de destacar. Location: Claro del bosque. Time: Noche. Shot: Plano general infantil / composición central. Keep consistency anchors: Lumi: luciérnaga ámbar dorada con bufanda-hoja verde, alas translúcidas, ojos grandes. Grupo: 2-3 luciérnagas cálidas. Río: reflejo sabio no literal.","estilo realista duro, terror, violencia, anatomía insecto grotesca, texto, ruido, fondo confuso, saturación extrema, expresiones agresivas","Lumi: luciérnaga ámbar dorada con bufanda-hoja verde, alas translúcidas, ojos grandes. Grupo: 2-3 luciérnagas cálidas. Río: reflejo sabio no literal.",4:3,2202,"“Si brillo más fuerte, todos me seguirán.”"
H2,La Luciérnaga y el Río,S02,El grupo se aparta,Mostrar la consecuencia social de su actitud.,Lumi | Grupo de luciérnagas,Claro del bosque,Continuo,Plano medio con profundidad,Ilustración suave tipo cuento; paleta cálida; texturas acuarela; expresiones claras; composición limpia.,"Ilustración suave tipo cuento; paleta cálida; texturas acuarela; expresiones claras; composición limpia. Escena S02 de 'La Luciérnaga y el Río'. Las otras luciérnagas se alejan, incómodas por la intensidad de Lumi. Personajes: Lumi, Grupo de luciérnagas. Objetivo visual: Mostrar la consecuencia social de su actitud. Ubicación: Claro del bosque. Momento: Continuo. Encuadre: Plano medio con profundidad. Mantener anclas de consistencia: Lumi: luciérnaga ámbar dorada con bufanda-hoja verde, alas translúcidas, ojos grandes. Grupo: 2-3 luciérnagas cálidas. Río: reflejo sabio no literal.","Ilustración suave tipo cuento; paleta cálida; texturas acuarela; expresiones claras; composición limpia. Scene S02 from 'La Luciérnaga y el Río'. Las otras luciérnagas se alejan, incómodas por la intensidad de Lumi. Characters: Lumi, Grupo de luciérnagas. Visual goal: Mostrar la consecuencia social de su actitud. Location: Claro del bosque. Time: Continuo. Shot: Plano medio con profundidad. Keep consistency anchors: Lumi: luciérnaga ámbar dorada con bufanda-hoja verde, alas translúcidas, ojos grandes. Grupo: 2-3 luciérnagas cálidas. Río: reflejo sabio no literal.","estilo realista duro, terror, violencia, anatomía insecto grotesca, texto, ruido, fondo confuso, saturación extrema, expresiones agresivas","Lumi: luciérnaga ámbar dorada con bufanda-hoja verde, alas translúcidas, ojos grandes. Grupo: 2-3 luciérnagas cálidas. Río: reflejo sabio no literal.",4:3,2202,“Tu luz no nos deja ver la nuestra.”
H2,La Luciérnaga y el Río,S03,Perdida junto al río,Trasladar a Lumi a una situación vulnerable.,Lumi,Orilla del río,Noche profunda,Plano general con reflejo,Ilustración suave tipo cuento; paleta cálida; texturas acuarela; expresiones claras; composición limpia.,"Ilustración suave tipo cuento; paleta cálida; texturas acuarela; expresiones claras; composición limpia. Escena S03 de 'La Luciérnaga y el Río'. Lumi, sola, llega al borde del río y descubre que no sabe regresar. Personajes: Lumi. Objetivo visual: Trasladar a Lumi a una situación vulnerable. Ubicación: Orilla del río. Momento: Noche profunda. Encuadre: Plano general con reflejo. Mantener anclas de consistencia: Lumi: luciérnaga ámbar dorada con bufanda-hoja verde, alas translúcidas, ojos grandes. Grupo: 2-3 luciérnagas cálidas. Río: reflejo sabio no literal.","Ilustración suave tipo cuento; paleta cálida; texturas acuarela; expresiones claras; composición limpia. Scene S03 from 'La Luciérnaga y el Río'. Lumi, sola, llega al borde del río y descubre que no sabe regresar. Characters: Lumi. Visual goal: Trasladar a Lumi a una situación vulnerable. Location: Orilla del río. Time: Noche profunda. Shot: Plano general con reflejo. Keep consistency anchors: Lumi: luciérnaga ámbar dorada con bufanda-hoja verde, alas translúcidas, ojos grandes. Grupo: 2-3 luciérnagas cálidas. Río: reflejo sabio no literal.","estilo realista duro, terror, violencia, anatomía insecto grotesca, texto, ruido, fondo confuso, saturación extrema, expresiones agresivas","Lumi: luciérnaga ámbar dorada con bufanda-hoja verde, alas translúcidas, ojos grandes. Grupo: 2-3 luciérnagas cálidas. Río: reflejo sabio no literal.",4:3,2202,"“¿Por qué, si brillo tanto, no encuentro el camino?”"
H2,La Luciérnaga y el Río,S04,La lección del reflejo,Introducir el aprendizaje central.,Lumi | El Río,Orilla del río,Continuo,Plano detalle al reflejo + plano medio,Ilustración suave tipo cuento; paleta cálida; texturas acuarela; expresiones claras; composición limpia.,"Ilustración suave tipo cuento; paleta cálida; texturas acuarela; expresiones claras; composición limpia. Escena S04 de 'La Luciérnaga y el Río'. El río refleja una luz suave y estable que marca una ruta sobre el agua. Personajes: Lumi, El Río. Objetivo visual: Introducir el aprendizaje central. Ubicación: Orilla del río. Momento: Continuo. Encuadre: Plano detalle al reflejo + plano medio. Mantener anclas de consistencia: Lumi: luciérnaga ámbar dorada con bufanda-hoja verde, alas translúcidas, ojos grandes. Grupo: 2-3 luciérnagas cálidas. Río: reflejo sabio no literal.","Ilustración suave tipo cuento; paleta cálida; texturas acuarela; expresiones claras; composición limpia. Scene S04 from 'La Luciérnaga y el Río'. El río refleja una luz suave y estable que marca una ruta sobre el agua. Characters: Lumi, El Río. Visual goal: Introducir el aprendizaje central. Location: Orilla del río. Time: Continuo. Shot: Plano detalle al reflejo + plano medio. Keep consistency anchors: Lumi: luciérnaga ámbar dorada con bufanda-hoja verde, alas translúcidas, ojos grandes. Grupo: 2-3 luciérnagas cálidas. Río: reflejo sabio no literal.","estilo realista duro, terror, violencia, anatomía insecto grotesca, texto, ruido, fondo confuso, saturación extrema, expresiones agresivas","Lumi: luciérnaga ámbar dorada con bufanda-hoja verde, alas translúcidas, ojos grandes. Grupo: 2-3 luciérnagas cálidas. Río: reflejo sabio no literal.",4:3,2202,“No necesitas más luz. Necesitas mejor dirección.”
H2,La Luciérnaga y el Río,S05,Modular la luz,Mostrar el cambio interno de Lumi.,Lumi,Orilla del río,Continuo,Primer plano expresivo,Ilustración suave tipo cuento; paleta cálida; texturas acuarela; expresiones claras; composición limpia.,"Ilustración suave tipo cuento; paleta cálida; texturas acuarela; expresiones claras; composición limpia. Escena S05 de 'La Luciérnaga y el Río'. Lumi prueba destellos más pequeños, rítmicos y constantes. Personajes: Lumi. Objetivo visual: Mostrar el cambio interno de Lumi. Ubicación: Orilla del río. Momento: Continuo. Encuadre: Primer plano expresivo. Mantener anclas de consistencia: Lumi: luciérnaga ámbar dorada con bufanda-hoja verde, alas translúcidas, ojos grandes. Grupo: 2-3 luciérnagas cálidas. Río: reflejo sabio no literal.","Ilustración suave tipo cuento; paleta cálida; texturas acuarela; expresiones claras; composición limpia. Scene S05 from 'La Luciérnaga y el Río'. Lumi prueba destellos más pequeños, rítmicos y constantes. Characters: Lumi. Visual goal: Mostrar el cambio interno de Lumi. Location: Orilla del río. Time: Continuo. Shot: Primer plano expresivo. Keep consistency anchors: Lumi: luciérnaga ámbar dorada con bufanda-hoja verde, alas translúcidas, ojos grandes. Grupo: 2-3 luciérnagas cálidas. Río: reflejo sabio no literal.","estilo realista duro, terror, violencia, anatomía insecto grotesca, texto, ruido, fondo confuso, saturación extrema, expresiones agresivas","Lumi: luciérnaga ámbar dorada con bufanda-hoja verde, alas translúcidas, ojos grandes. Grupo: 2-3 luciérnagas cálidas. Río: reflejo sabio no literal.",4:3,2202,“Puedo iluminar sin deslumbrar.”
H2,La Luciérnaga y el Río,S06,Guiar a otra luciérnaga,Aplicar el aprendizaje en una acción concreta.,Lumi | Grupo de luciérnagas,Sendero del bosque,Noche,Plano medio lateral,Ilustración suave tipo cuento; paleta cálida; texturas acuarela; expresiones claras; composición limpia.,"Ilustración suave tipo cuento; paleta cálida; texturas acuarela; expresiones claras; composición limpia. Escena S06 de 'La Luciérnaga y el Río'. Lumi encuentra a una luciérnaga desorientada y la acompaña con su luz regulada. Personajes: Lumi, Grupo de luciérnagas. Objetivo visual: Aplicar el aprendizaje en una acción concreta. Ubicación: Sendero del bosque. Momento: Noche. Encuadre: Plano medio lateral. Mantener anclas de consistencia: Lumi: luciérnaga ámbar dorada con bufanda-hoja verde, alas translúcidas, ojos grandes. Grupo: 2-3 luciérnagas cálidas. Río: reflejo sabio no literal.","Ilustración suave tipo cuento; paleta cálida; texturas acuarela; expresiones claras; composición limpia. Scene S06 from 'La Luciérnaga y el Río'. Lumi encuentra a una luciérnaga desorientada y la acompaña con su luz regulada. Characters: Lumi, Grupo de luciérnagas. Visual goal: Aplicar el aprendizaje en una acción concreta. Location: Sendero del bosque. Time: Noche. Shot: Plano medio lateral. Keep consistency anchors: Lumi: luciérnaga ámbar dorada con bufanda-hoja verde, alas translúcidas, ojos grandes. Grupo: 2-3 luciérnagas cálidas. Río: reflejo sabio no literal.","estilo realista duro, terror, violencia, anatomía insecto grotesca, texto, ruido, fondo confuso, saturación extrema, expresiones agresivas","Lumi: luciérnaga ámbar dorada con bufanda-hoja verde, alas translúcidas, ojos grandes. Grupo: 2-3 luciérnagas cálidas. Río: reflejo sabio no literal.",4:3,2202,"“Ven, yo te acompaño.”"
H2,La Luciérnaga y el Río,S07,El regreso del grupo,Reconciliar a Lumi con la comunidad.,Lumi | Grupo de luciérnagas,Sendero del bosque,Noche,Plano general coral,Ilustración suave tipo cuento; paleta cálida; texturas acuarela; expresiones claras; composición limpia.,"Ilustración suave tipo cuento; paleta cálida; texturas acuarela; expresiones claras; composición limpia. Escena S07 de 'La Luciérnaga y el Río'. Las demás luciérnagas vuelven y comienzan a coordinar sus destellos con ella. Personajes: Lumi, Grupo de luciérnagas. Objetivo visual: Reconciliar a Lumi con la comunidad. Ubicación: Sendero del bosque. Momento: Noche. Encuadre: Plano general coral. Mantener anclas de consistencia: Lumi: luciérnaga ámbar dorada con bufanda-hoja verde, alas translúcidas, ojos grandes. Grupo: 2-3 luciérnagas cálidas. Río: reflejo sabio no literal.","Ilustración suave tipo cuento; paleta cálida; texturas acuarela; expresiones claras; composición limpia. Scene S07 from 'La Luciérnaga y el Río'. Las demás luciérnagas vuelven y comienzan a coordinar sus destellos con ella. Characters: Lumi, Grupo de luciérnagas. Visual goal: Reconciliar a Lumi con la comunidad. Location: Sendero del bosque. Time: Noche. Shot: Plano general coral. Keep consistency anchors: Lumi: luciérnaga ámbar dorada con bufanda-hoja verde, alas translúcidas, ojos grandes. Grupo: 2-3 luciérnagas cálidas. Río: reflejo sabio no literal.","estilo realista duro, terror, violencia, anatomía insecto grotesca, texto, ruido, fondo confuso, saturación extrema, expresiones agresivas","Lumi: luciérnaga ámbar dorada con bufanda-hoja verde, alas translúcidas, ojos grandes. Grupo: 2-3 luciérnagas cálidas. Río: reflejo sabio no literal.",4:3,2202,“Así sí podemos ver juntas.”
H2,La Luciérnaga y el Río,S08,El camino iluminado,Cerrar con moraleja visual clara.,Lumi,Sendero principal,Noche al final,Gran plano general poético,Ilustración suave tipo cuento; paleta cálida; texturas acuarela; expresiones claras; composición limpia.,"Ilustración suave tipo cuento; paleta cálida; texturas acuarela; expresiones claras; composición limpia. Escena S08 de 'La Luciérnaga y el Río'. Muchas luces pequeñas forman un camino brillante y armónico hacia el bosque. Personajes: Lumi. Objetivo visual: Cerrar con moraleja visual clara. Ubicación: Sendero principal. Momento: Noche al final. Encuadre: Gran plano general poético. Mantener anclas de consistencia: Lumi: luciérnaga ámbar dorada con bufanda-hoja verde, alas translúcidas, ojos grandes. Grupo: 2-3 luciérnagas cálidas. Río: reflejo sabio no literal.","Ilustración suave tipo cuento; paleta cálida; texturas acuarela; expresiones claras; composición limpia. Scene S08 from 'La Luciérnaga y el Río'. Muchas luces pequeñas forman un camino brillante y armónico hacia el bosque. Characters: Lumi. Visual goal: Cerrar con moraleja visual clara. Location: Sendero principal. Time: Noche al final. Shot: Gran plano general poético. Keep consistency anchors: Lumi: luciérnaga ámbar dorada con bufanda-hoja verde, alas translúcidas, ojos grandes. Grupo: 2-3 luciérnagas cálidas. Río: reflejo sabio no literal.","estilo realista duro, terror, violencia, anatomía insecto grotesca, texto, ruido, fondo confuso, saturación extrema, expresiones agresivas","Lumi: luciérnaga ámbar dorada con bufanda-hoja verde, alas translúcidas, ojos grandes. Grupo: 2-3 luciérnagas cálidas. Río: reflejo sabio no literal.",4:3,2202,Narración: “La mejor luz es la que ayuda a todos a avanzar.”
H3,El Mapa del Viento,S01,El mapa despierta,Presentar el artefacto y el detonante de la aventura.,Nico | Sara,Plaza del pueblo,Tarde,Plano general con acción central,Aventura colorida semi-realista; luz de atardecer; composiciones dinámicas; sensación de viento y movimiento.,"Aventura colorida semi-realista; luz de atardecer; composiciones dinámicas; sensación de viento y movimiento. Escena S01 de 'El Mapa del Viento'. Una ráfaga abre el mapa en la plaza del pueblo y revela una ruta cambiante. Personajes: Nico, Sara. Objetivo visual: Presentar el artefacto y el detonante de la aventura. Ubicación: Plaza del pueblo. Momento: Tarde. Encuadre: Plano general con acción central. Mantener anclas de consistencia: Nico: chaqueta marrón clara, mochila verde, brújula. Sara: pañuelo azul petróleo, cuaderno crema. Mapa: pergamino con líneas azul verdoso activadas por el viento.","Aventura colorida semi-realista; luz de atardecer; composiciones dinámicas; sensación de viento y movimiento. Scene S01 from 'El Mapa del Viento'. Una ráfaga abre el mapa en la plaza del pueblo y revela una ruta cambiante. Characters: Nico, Sara. Visual goal: Presentar el artefacto y el detonante de la aventura. Location: Plaza del pueblo. Time: Tarde. Shot: Plano general con acción central. Keep consistency anchors: Nico: chaqueta marrón clara, mochila verde, brújula. Sara: pañuelo azul petróleo, cuaderno crema. Mapa: pergamino con líneas azul verdoso activadas por el viento.","violencia explícita, texto no solicitado, anatomía incorrecta, duplicaciones, desenfoque, iluminación plana, vestuario inconsistente, mapa genérico sin líneas mágicas","Nico: chaqueta marrón clara, mochila verde, brújula. Sara: pañuelo azul petróleo, cuaderno crema. Mapa: pergamino con líneas azul verdoso activadas por el viento.",16:9,3303,Nico: “¿Viste eso? ¡Se movió solo!”
H3,El Mapa del Viento,S02,Hacia las colinas,Poner en marcha la travesía y mostrar el tono aventurero.,Nico | Sara,Camino de colinas,Tarde,Plano general en diagonal,Aventura colorida semi-realista; luz de atardecer; composiciones dinámicas; sensación de viento y movimiento.,"Aventura colorida semi-realista; luz de atardecer; composiciones dinámicas; sensación de viento y movimiento. Escena S02 de 'El Mapa del Viento'. Nico y Sara avanzan por un camino elevado mientras el mapa vuelve a cambiar. Personajes: Nico, Sara. Objetivo visual: Poner en marcha la travesía y mostrar el tono aventurero. Ubicación: Camino de colinas. Momento: Tarde. Encuadre: Plano general en diagonal. Mantener anclas de consistencia: Nico: chaqueta marrón clara, mochila verde, brújula. Sara: pañuelo azul petróleo, cuaderno crema. Mapa: pergamino con líneas azul verdoso activadas por el viento.","Aventura colorida semi-realista; luz de atardecer; composiciones dinámicas; sensación de viento y movimiento. Scene S02 from 'El Mapa del Viento'. Nico y Sara avanzan por un camino elevado mientras el mapa vuelve a cambiar. Characters: Nico, Sara. Visual goal: Poner en marcha la travesía y mostrar el tono aventurero. Location: Camino de colinas. Time: Tarde. Shot: Plano general en diagonal. Keep consistency anchors: Nico: chaqueta marrón clara, mochila verde, brújula. Sara: pañuelo azul petróleo, cuaderno crema. Mapa: pergamino con líneas azul verdoso activadas por el viento.","violencia explícita, texto no solicitado, anatomía incorrecta, duplicaciones, desenfoque, iluminación plana, vestuario inconsistente, mapa genérico sin líneas mágicas","Nico: chaqueta marrón clara, mochila verde, brújula. Sara: pañuelo azul petróleo, cuaderno crema. Mapa: pergamino con líneas azul verdoso activadas por el viento.",16:9,3303,Sara: “No cambia al azar; responde a la dirección del viento.”
H3,El Mapa del Viento,S03,El puente viejo,Introducir el primer obstáculo con decisión táctica.,Nico | Sara,Puente viejo,Tarde avanzada,Plano medio / contrapicado suave,Aventura colorida semi-realista; luz de atardecer; composiciones dinámicas; sensación de viento y movimiento.,"Aventura colorida semi-realista; luz de atardecer; composiciones dinámicas; sensación de viento y movimiento. Escena S03 de 'El Mapa del Viento'. En un puente antiguo, el mapa señala un desvío seguro en lugar del camino directo. Personajes: Nico, Sara. Objetivo visual: Introducir el primer obstáculo con decisión táctica. Ubicación: Puente viejo. Momento: Tarde avanzada. Encuadre: Plano medio / contrapicado suave. Mantener anclas de consistencia: Nico: chaqueta marrón clara, mochila verde, brújula. Sara: pañuelo azul petróleo, cuaderno crema. Mapa: pergamino con líneas azul verdoso activadas por el viento.","Aventura colorida semi-realista; luz de atardecer; composiciones dinámicas; sensación de viento y movimiento. Scene S03 from 'El Mapa del Viento'. En un puente antiguo, el mapa señala un desvío seguro en lugar del camino directo. Characters: Nico, Sara. Visual goal: Introducir el primer obstáculo con decisión táctica. Location: Puente viejo. Time: Tarde avanzada. Shot: Plano medio / contrapicado suave. Keep consistency anchors: Nico: chaqueta marrón clara, mochila verde, brújula. Sara: pañuelo azul petróleo, cuaderno crema. Mapa: pergamino con líneas azul verdoso activadas por el viento.","violencia explícita, texto no solicitado, anatomía incorrecta, duplicaciones, desenfoque, iluminación plana, vestuario inconsistente, mapa genérico sin líneas mágicas","Nico: chaqueta marrón clara, mochila verde, brújula. Sara: pañuelo azul petróleo, cuaderno crema. Mapa: pergamino con líneas azul verdoso activadas por el viento.",16:9,3303,"“Si el mapa evita algo, mejor escucharlo.”"
H3,El Mapa del Viento,S04,Tormenta en el campo,Complicar la búsqueda y elevar tensión.,Nico | Sara,Campo abierto,Atardecer,Plano general amplio con viento,Aventura colorida semi-realista; luz de atardecer; composiciones dinámicas; sensación de viento y movimiento.,"Aventura colorida semi-realista; luz de atardecer; composiciones dinámicas; sensación de viento y movimiento. Escena S04 de 'El Mapa del Viento'. Una corriente fuerte borra temporalmente las marcas del mapa en campo abierto. Personajes: Nico, Sara. Objetivo visual: Complicar la búsqueda y elevar tensión. Ubicación: Campo abierto. Momento: Atardecer. Encuadre: Plano general amplio con viento. Mantener anclas de consistencia: Nico: chaqueta marrón clara, mochila verde, brújula. Sara: pañuelo azul petróleo, cuaderno crema. Mapa: pergamino con líneas azul verdoso activadas por el viento.","Aventura colorida semi-realista; luz de atardecer; composiciones dinámicas; sensación de viento y movimiento. Scene S04 from 'El Mapa del Viento'. Una corriente fuerte borra temporalmente las marcas del mapa en campo abierto. Characters: Nico, Sara. Visual goal: Complicar la búsqueda y elevar tensión. Location: Campo abierto. Time: Atardecer. Shot: Plano general amplio con viento. Keep consistency anchors: Nico: chaqueta marrón clara, mochila verde, brújula. Sara: pañuelo azul petróleo, cuaderno crema. Mapa: pergamino con líneas azul verdoso activadas por el viento.","violencia explícita, texto no solicitado, anatomía incorrecta, duplicaciones, desenfoque, iluminación plana, vestuario inconsistente, mapa genérico sin líneas mágicas","Nico: chaqueta marrón clara, mochila verde, brújula. Sara: pañuelo azul petróleo, cuaderno crema. Mapa: pergamino con líneas azul verdoso activadas por el viento.",16:9,3303,Nico: “¡Ahora sí nos perdimos!”
H3,El Mapa del Viento,S05,El patrón oculto,Mostrar la inteligencia de Sara y la cooperación.,Nico | Sara,Refugio improvisado junto a una roca,Atardecer,Plano medio íntimo,Aventura colorida semi-realista; luz de atardecer; composiciones dinámicas; sensación de viento y movimiento.,"Aventura colorida semi-realista; luz de atardecer; composiciones dinámicas; sensación de viento y movimiento. Escena S05 de 'El Mapa del Viento'. Sara observa el comportamiento del viento y deduce la lógica del dibujo del mapa. Personajes: Nico, Sara. Objetivo visual: Mostrar la inteligencia de Sara y la cooperación. Ubicación: Refugio improvisado junto a una roca. Momento: Atardecer. Encuadre: Plano medio íntimo. Mantener anclas de consistencia: Nico: chaqueta marrón clara, mochila verde, brújula. Sara: pañuelo azul petróleo, cuaderno crema. Mapa: pergamino con líneas azul verdoso activadas por el viento.","Aventura colorida semi-realista; luz de atardecer; composiciones dinámicas; sensación de viento y movimiento. Scene S05 from 'El Mapa del Viento'. Sara observa el comportamiento del viento y deduce la lógica del dibujo del mapa. Characters: Nico, Sara. Visual goal: Mostrar la inteligencia de Sara y la cooperación. Location: Refugio improvisado junto a una roca. Time: Atardecer. Shot: Plano medio íntimo. Keep consistency anchors: Nico: chaqueta marrón clara, mochila verde, brújula. Sara: pañuelo azul petróleo, cuaderno crema. Mapa: pergamino con líneas azul verdoso activadas por el viento.","violencia explícita, texto no solicitado, anatomía incorrecta, duplicaciones, desenfoque, iluminación plana, vestuario inconsistente, mapa genérico sin líneas mágicas","Nico: chaqueta marrón clara, mochila verde, brújula. Sara: pañuelo azul petróleo, cuaderno crema. Mapa: pergamino con líneas azul verdoso activadas por el viento.",16:9,3303,Sara: “No marca lugares; marca direcciones repetidas.”
H3,El Mapa del Viento,S06,La entrada cubierta,Descubrir la meta física de la búsqueda.,Nico | Sara,Entrada de la biblioteca,Última luz,Plano general frontal,Aventura colorida semi-realista; luz de atardecer; composiciones dinámicas; sensación de viento y movimiento.,"Aventura colorida semi-realista; luz de atardecer; composiciones dinámicas; sensación de viento y movimiento. Escena S06 de 'El Mapa del Viento'. Las pistas los llevan a una puerta oculta entre enredaderas y piedra antigua. Personajes: Nico, Sara. Objetivo visual: Descubrir la meta física de la búsqueda. Ubicación: Entrada de la biblioteca. Momento: Última luz. Encuadre: Plano general frontal. Mantener anclas de consistencia: Nico: chaqueta marrón clara, mochila verde, brújula. Sara: pañuelo azul petróleo, cuaderno crema. Mapa: pergamino con líneas azul verdoso activadas por el viento.","Aventura colorida semi-realista; luz de atardecer; composiciones dinámicas; sensación de viento y movimiento. Scene S06 from 'El Mapa del Viento'. Las pistas los llevan a una puerta oculta entre enredaderas y piedra antigua. Characters: Nico, Sara. Visual goal: Descubrir la meta física de la búsqueda. Location: Entrada de la biblioteca. Time: Última luz. Shot: Plano general frontal. Keep consistency anchors: Nico: chaqueta marrón clara, mochila verde, brújula. Sara: pañuelo azul petróleo, cuaderno crema. Mapa: pergamino con líneas azul verdoso activadas por el viento.","violencia explícita, texto no solicitado, anatomía incorrecta, duplicaciones, desenfoque, iluminación plana, vestuario inconsistente, mapa genérico sin líneas mágicas","Nico: chaqueta marrón clara, mochila verde, brújula. Sara: pañuelo azul petróleo, cuaderno crema. Mapa: pergamino con líneas azul verdoso activadas por el viento.",16:9,3303,“No era una ruina... era una puerta esperando.”
H3,El Mapa del Viento,S07,La biblioteca perdida,Revelar el tesoro y bajar el ritmo con asombro.,Nico | Sara,Interior de la biblioteca,Interior atemporal,Plano general con profundidad,Aventura colorida semi-realista; luz de atardecer; composiciones dinámicas; sensación de viento y movimiento.,"Aventura colorida semi-realista; luz de atardecer; composiciones dinámicas; sensación de viento y movimiento. Escena S07 de 'El Mapa del Viento'. Dentro, los libros y el polvo dorado crean una atmósfera silenciosa y viva. Personajes: Nico, Sara. Objetivo visual: Revelar el tesoro y bajar el ritmo con asombro. Ubicación: Interior de la biblioteca. Momento: Interior atemporal. Encuadre: Plano general con profundidad. Mantener anclas de consistencia: Nico: chaqueta marrón clara, mochila verde, brújula. Sara: pañuelo azul petróleo, cuaderno crema. Mapa: pergamino con líneas azul verdoso activadas por el viento.","Aventura colorida semi-realista; luz de atardecer; composiciones dinámicas; sensación de viento y movimiento. Scene S07 from 'El Mapa del Viento'. Dentro, los libros y el polvo dorado crean una atmósfera silenciosa y viva. Characters: Nico, Sara. Visual goal: Revelar el tesoro y bajar el ritmo con asombro. Location: Interior de la biblioteca. Time: Interior atemporal. Shot: Plano general con profundidad. Keep consistency anchors: Nico: chaqueta marrón clara, mochila verde, brújula. Sara: pañuelo azul petróleo, cuaderno crema. Mapa: pergamino con líneas azul verdoso activadas por el viento.","violencia explícita, texto no solicitado, anatomía incorrecta, duplicaciones, desenfoque, iluminación plana, vestuario inconsistente, mapa genérico sin líneas mágicas","Nico: chaqueta marrón clara, mochila verde, brújula. Sara: pañuelo azul petróleo, cuaderno crema. Mapa: pergamino con líneas azul verdoso activadas por el viento.",16:9,3303,Nico: “Todo este tiempo... aquí.”
H3,El Mapa del Viento,S08,Un nuevo destino,Cerrar la mini historia y abrir continuidad.,Nico | Sara,Exterior de la biblioteca,Anochecer cálido,Plano general de salida,Aventura colorida semi-realista; luz de atardecer; composiciones dinámicas; sensación de viento y movimiento.,"Aventura colorida semi-realista; luz de atardecer; composiciones dinámicas; sensación de viento y movimiento. Escena S08 de 'El Mapa del Viento'. Los protagonistas salen con un libro rescatado mientras el viento dibuja una nueva señal en el mapa. Personajes: Nico, Sara. Objetivo visual: Cerrar la mini historia y abrir continuidad. Ubicación: Exterior de la biblioteca. Momento: Anochecer cálido. Encuadre: Plano general de salida. Mantener anclas de consistencia: Nico: chaqueta marrón clara, mochila verde, brújula. Sara: pañuelo azul petróleo, cuaderno crema. Mapa: pergamino con líneas azul verdoso activadas por el viento.","Aventura colorida semi-realista; luz de atardecer; composiciones dinámicas; sensación de viento y movimiento. Scene S08 from 'El Mapa del Viento'. Los protagonistas salen con un libro rescatado mientras el viento dibuja una nueva señal en el mapa. Characters: Nico, Sara. Visual goal: Cerrar la mini historia y abrir continuidad. Location: Exterior de la biblioteca. Time: Anochecer cálido. Shot: Plano general de salida. Keep consistency anchors: Nico: chaqueta marrón clara, mochila verde, brújula. Sara: pañuelo azul petróleo, cuaderno crema. Mapa: pergamino con líneas azul verdoso activadas por el viento.","violencia explícita, texto no solicitado, anatomía incorrecta, duplicaciones, desenfoque, iluminación plana, vestuario inconsistente, mapa genérico sin líneas mágicas","Nico: chaqueta marrón clara, mochila verde, brújula. Sara: pañuelo azul petróleo, cuaderno crema. Mapa: pergamino con líneas azul verdoso activadas por el viento.",16:9,3303,Sara: “Creo que esto solo fue el comienzo.”
